{"cameraMode":{"drawMode":0,"name":"Shaded","section":"Shading Mode"},"sceneLighting":true,"audioPlay":false,"sceneViewState":{"m_AlwaysRefresh":false,"showFog":true,"showSkybox":true,"showFlares":true,"showImageEffects":true,"showParticleSystems":true,"showVisualEffectGraphs":true,"m_FxEnabled":true},"in2DMode":false,"pivot":{"x":60.45122528076172,"y":3.5565524101257326,"z":-0.18159858882427216},"rotation":{"x":-0.09289002418518067,"y":-0.013492833822965622,"z":0.0007056007161736488,"w":-0.995760977268219},"size":1.5293002128601075,"orthographic":false}